county,mean_att8,median_att8,sd_att8
NORFOLK,38.72361111111111,43.25,14.521373204141518
SUFFOLK,36.01285714285714,41.1,16.822878843645988
